{
    "swagger": "2.0",
    "info": {
        "description": "# General API documentation\n\n**Warning** this api is not production ready. Use at your own risk.\n\nIn order to re-generate the documentation you need to run\n\n`swag init --md .`\n",
        "title": "Swagger Example API",
        "termsOfService": "http://swagger.io/terms/",
        "contact": {
            "name": "API Support",
            "url": "http://www.swagger.io/support",
            "email": "support@swagger.io"
        },
        "license": {
            "name": "Apache 2.0",
            "url": "http://www.apache.org/licenses/LICENSE-2.0.html"
        },
        "version": "1.0"
    },
    "basePath": "/v2",
    "paths": {
        "/admin/user/": {
            "get": {
                "consumes": [
                    "application/json"
                ],
                "produces": [
                    "application/json"
                ],
                "tags": [
                    "admin"
                ],
                "summary": "List users from the store",
                "responses": {
                    "200": {
                        "description": "ok",
                        "schema": {
                            "type": "array",
                            "items": {
                                "type": "array",
                                "items": {
                                    "$ref": "#/definitions/api.User"
                                }
                            }
                        }
                    }
                }
            },
            "put": {
                "consumes": [
                    "application/json"
                ],
                "produces": [
                    "application/json"
                ],
                "tags": [
                    "admin"
                ],
                "summary": "Add a new user to the store",
                "parameters": [
                    {
                        "description": "User Data",
                        "name": "message",
                        "in": "body",
                        "required": true,
                        "schema": {
                            "$ref": "#/definitions/api.User"
                        }
                    }
                ],
                "responses": {
                    "200": {
                        "description": "ok",
                        "schema": {
                            "type": "string"
                        }
                    },
                    "400": {
                        "description": "We need ID!!",
                        "schema": {
                            "$ref": "#/definitions/api.APIError"
                        }
                    },
                    "404": {
                        "description": "Can not find ID",
                        "schema": {
                            "$ref": "#/definitions/api.APIError"
                        }
                    }
                }
            },
            "post": {
                "consumes": [
                    "application/json"
                ],
                "produces": [
                    "application/json"
                ],
                "tags": [
                    "admin"
                ],
                "summary": "Add a new user to the store",
                "parameters": [
                    {
                        "description": "User Data",
                        "name": "message",
                        "in": "body",
                        "required": true,
                        "schema": {
                            "$ref": "#/definitions/api.User"
                        }
                    }
                ],
                "responses": {
                    "200": {
                        "description": "ok",
                        "schema": {
                            "type": "string"
                        }
                    },
                    "400": {
                        "description": "We need ID!!",
                        "schema": {
                            "$ref": "#/definitions/api.APIError"
                        }
                    },
                    "404": {
                        "description": "Can not find ID",
                        "schema": {
                            "$ref": "#/definitions/api.APIError"
                        }
                    }
                }
            }
        },
        "/admin/user/{id}": {
            "get": {
                "consumes": [
                    "application/json"
                ],
                "produces": [
                    "application/json"
                ],
                "tags": [
                    "admin"
                ],
                "summary": "Read user from the store",
                "parameters": [
                    {
                        "type": "integer",
                        "description": "User Id",
                        "name": "id",
                        "in": "path",
                        "required": true
                    }
                ],
                "responses": {
                    "200": {
                        "description": "OK",
                        "schema": {
                            "$ref": "#/definitions/api.User"
                        }
                    },
                    "400": {
                        "description": "We need ID!!",
                        "schema": {
                            "$ref": "#/definitions/api.APIError"
                        }
                    },
                    "404": {
                        "description": "Can not find ID",
                        "schema": {
                            "$ref": "#/definitions/api.APIError"
                        }
                    }
                }
            }
        }
    },
    "definitions": {
        "api.APIError": {
            "type": "object",
            "properties": {
                "createdAt": {
                    "type": "string"
                },
                "errorCode": {
                    "type": "integer"
                },
                "errorMessage": {
                    "type": "string"
                }
            }
        },
        "api.User": {
            "type": "object",
            "properties": {
                "email": {
                    "type": "string"
                },
                "id": {
                    "type": "integer"
                },
                "password": {
                    "type": "string"
                }
            }
        }
    },
    "tags": [
        {
            "description": "# Admin TAG API documentation\n\n**Admin** functions goes here \n\nFor more info please read [link](/docs/readme.md).\n\n",
            "name": "admin"
        }
    ]
}